training_exp,epoch,training_accuracy,val_accuracy,training_loss,val_loss
0,0,0.1403,0.0485,0,2.9962
0,1,0.2283,0.0565,0,2.9965
0,2,0.2741,0.0565,0,2.9965
0,3,0.3023,0.0565,0,2.9965
0,4,0.3296,0.0565,0,2.9965
0,5,0.3510,0.0565,0,2.9965
0,6,0.3778,0.0385,0,2.9988
0,7,0.3931,0.0385,0,2.9988
0,8,0.4112,0.0385,0,2.9988
0,9,0.4267,0.0385,0,2.9988
0,10,0.4467,0.0385,0,2.9988
0,11,0.4532,0.0480,0,2.9983
0,12,0.4723,0.0480,0,2.9983
0,13,0.4822,0.0480,0,2.9983
0,14,0.4839,0.0480,0,2.9983
0,15,0.4970,0.0480,0,2.9983
0,16,0.5107,0.0450,0,2.9997
0,17,0.5287,0.0450,0,2.9997
0,18,0.5320,0.0450,0,2.9997
0,19,0.5414,0.0450,0,2.9997
0,20,0.5527,0.0450,0,2.9997
0,21,0.5568,0.0435,0,2.9992
0,22,0.5622,0.0435,0,2.9992
0,23,0.5690,0.0435,0,2.9992
0,24,0.5789,0.0435,0,2.9992
0,25,0.5830,0.0435,0,2.9992
0,26,0.5926,0.0370,0,2.9986
0,27,0.6046,0.0370,0,2.9986
0,28,0.6031,0.0370,0,2.9986
0,29,0.6077,0.0370,0,2.9986
0,30,0.6198,0.0370,0,2.9986
0,31,0.6217,0.0405,0,2.9990
0,32,0.6249,0.0405,0,2.9990
0,33,0.6339,0.0405,0,2.9990
0,34,0.6396,0.0405,0,2.9990
0,35,0.6438,0.0405,0,2.9990
0,36,0.6442,0.0405,0,3.0034
0,37,0.6472,0.0405,0,3.0034
0,38,0.6559,0.0405,0,3.0034
0,39,0.6629,0.0405,0,3.0034
0,40,0.6625,0.0405,0,3.0034
1,0,0.3034,0.0405,0,2.9990
1,1,0.4090,0.0430,0,3.0007
1,2,0.4297,0.0430,0,3.0007
1,3,0.4530,0.0430,0,3.0007
1,4,0.4694,0.0430,0,3.0007
1,5,0.4895,0.0430,0,3.0007
1,6,0.4922,0.0420,0,3.0051
1,7,0.5125,0.0420,0,3.0051
1,8,0.5182,0.0420,0,3.0051
1,9,0.5295,0.0420,0,3.0051
1,10,0.5358,0.0420,0,3.0051
1,11,0.5453,0.0445,0,3.0033
1,12,0.5515,0.0445,0,3.0033
1,13,0.5573,0.0445,0,3.0033
1,14,0.5584,0.0445,0,3.0033
1,15,0.5660,0.0445,0,3.0033
1,16,0.5709,0.0475,0,3.0014
1,17,0.5856,0.0475,0,3.0014
1,18,0.5842,0.0475,0,3.0014
1,19,0.5935,0.0475,0,3.0014
1,20,0.5884,0.0475,0,3.0014
1,21,0.5961,0.0400,0,3.0014
1,22,0.6042,0.0400,0,3.0014
1,23,0.6114,0.0400,0,3.0014
1,24,0.6085,0.0400,0,3.0014
1,25,0.6164,0.0400,0,3.0014
1,26,0.6396,0.0430,0,3.0014
1,27,0.6471,0.0430,0,3.0014
1,28,0.6477,0.0430,0,3.0014
1,29,0.6470,0.0430,0,3.0014
1,30,0.6547,0.0430,0,3.0014
1,31,0.6472,0.0405,0,3.0010
1,32,0.6526,0.0405,0,3.0010
1,33,0.6583,0.0405,0,3.0010
1,34,0.6580,0.0405,0,3.0010
1,35,0.6590,0.0405,0,3.0010
1,36,0.6595,0.0430,0,3.0016
1,37,0.6724,0.0430,0,3.0016
1,38,0.6620,0.0430,0,3.0016
1,39,0.6660,0.0430,0,3.0016
1,40,0.6657,0.0430,0,3.0016
1,41,0.6639,0.0445,0,3.0012
1,42,0.6692,0.0445,0,3.0012
1,43,0.6646,0.0445,0,3.0012
1,44,0.6727,0.0445,0,3.0012
1,45,0.6768,0.0445,0,3.0012
1,46,0.6804,0.0415,0,3.0012
1,47,0.6800,0.0415,0,3.0012
1,48,0.6762,0.0415,0,3.0012
1,49,0.6775,0.0415,0,3.0012
1,50,0.6841,0.0415,0,3.0012
2,0,0.4141,0.0445,0,3.0012
2,1,0.5063,0.0405,0,3.0040
2,2,0.5235,0.0405,0,3.0040
2,3,0.5483,0.0405,0,3.0040
2,4,0.5643,0.0405,0,3.0040
2,5,0.5710,0.0405,0,3.0040
2,6,0.5825,0.0520,0,3.0012
2,7,0.5880,0.0520,0,3.0012
2,8,0.6036,0.0520,0,3.0012
2,9,0.6110,0.0520,0,3.0012
2,10,0.6212,0.0520,0,3.0012
2,11,0.6171,0.0485,0,3.0020
2,12,0.6254,0.0485,0,3.0020
2,13,0.6310,0.0485,0,3.0020
2,14,0.6354,0.0485,0,3.0020
2,15,0.6381,0.0485,0,3.0020
2,16,0.6541,0.0420,0,3.0019
2,17,0.6567,0.0420,0,3.0019
2,18,0.6549,0.0420,0,3.0019
2,19,0.6556,0.0420,0,3.0019
2,20,0.6602,0.0420,0,3.0019
2,21,0.6647,0.0475,0,3.0020
2,22,0.6688,0.0475,0,3.0020
2,23,0.6709,0.0475,0,3.0020
2,24,0.6743,0.0475,0,3.0020
2,25,0.6722,0.0475,0,3.0020
2,26,0.6735,0.0445,0,3.0027
2,27,0.6752,0.0445,0,3.0027
2,28,0.6702,0.0445,0,3.0027
2,29,0.6679,0.0445,0,3.0027
2,30,0.6764,0.0445,0,3.0027
2,31,0.6785,0.0460,0,3.0031
2,32,0.6759,0.0460,0,3.0031
2,33,0.6808,0.0460,0,3.0031
2,34,0.6754,0.0460,0,3.0031
2,35,0.6761,0.0460,0,3.0031
2,36,0.6751,0.0465,0,3.0030
2,37,0.6780,0.0465,0,3.0030
2,38,0.6828,0.0465,0,3.0030
2,39,0.6788,0.0465,0,3.0030
2,40,0.6791,0.0465,0,3.0030
2,41,0.6810,0.0470,0,3.0034
2,42,0.6840,0.0470,0,3.0034
2,43,0.6802,0.0470,0,3.0034
2,44,0.6836,0.0470,0,3.0034
2,45,0.6830,0.0470,0,3.0034
2,46,0.6843,0.0470,0,3.0034
2,47,0.6835,0.0470,0,3.0034
2,48,0.6901,0.0470,0,3.0034
2,49,0.6758,0.0470,0,3.0034
2,50,0.6901,0.0470,0,3.0034
3,0,0.4626,0.0470,0,3.0034
3,1,0.5326,0.0330,0,3.0080
3,2,0.5533,0.0330,0,3.0080
3,3,0.5707,0.0330,0,3.0080
3,4,0.5747,0.0330,0,3.0080
3,5,0.5890,0.0330,0,3.0080
3,6,0.5858,0.0385,0,3.0054
3,7,0.6006,0.0385,0,3.0054
3,8,0.6056,0.0385,0,3.0054
3,9,0.6058,0.0385,0,3.0054
3,10,0.6100,0.0385,0,3.0054
3,11,0.6167,0.0395,0,3.0043
3,12,0.6325,0.0395,0,3.0043
3,13,0.6262,0.0395,0,3.0043
3,14,0.6312,0.0395,0,3.0043
3,15,0.6287,0.0395,0,3.0043
3,16,0.6295,0.0365,0,3.0049
3,17,0.6352,0.0365,0,3.0049
3,18,0.6331,0.0365,0,3.0049
3,19,0.6416,0.0365,0,3.0049
3,20,0.6387,0.0365,0,3.0049
3,21,0.6424,0.0370,0,3.0049
3,22,0.6372,0.0370,0,3.0049
3,23,0.6383,0.0370,0,3.0049
3,24,0.6397,0.0370,0,3.0049
3,25,0.6399,0.0370,0,3.0049
3,26,0.6447,0.0385,0,3.0050
3,27,0.6346,0.0385,0,3.0050
3,28,0.6407,0.0385,0,3.0050
3,29,0.6473,0.0385,0,3.0050
3,30,0.6487,0.0385,0,3.0050
3,31,0.6511,0.0380,0,3.0053
3,32,0.6440,0.0380,0,3.0053
3,33,0.6488,0.0380,0,3.0053
3,34,0.6439,0.0380,0,3.0053
3,35,0.6467,0.0380,0,3.0053
3,36,0.6461,0.0370,0,3.0054
3,37,0.6483,0.0370,0,3.0054
3,38,0.6478,0.0370,0,3.0054
3,39,0.6372,0.0370,0,3.0054
3,40,0.6532,0.0370,0,3.0054
3,41,0.6510,0.0380,0,3.0053
3,42,0.6477,0.0380,0,3.0053
3,43,0.6449,0.0380,0,3.0053
3,44,0.6529,0.0380,0,3.0053
3,45,0.6528,0.0380,0,3.0053
3,46,0.6448,0.0355,0,3.0053
3,47,0.6543,0.0355,0,3.0053
3,48,0.6451,0.0355,0,3.0053
3,49,0.6532,0.0355,0,3.0053
3,50,0.6444,0.0355,0,3.0053
4,0,0.4442,0.0380,0,3.0053
4,1,0.5323,0.5730,0,1.9684
4,2,0.5516,0.5730,0,1.9684
4,3,0.5615,0.5730,0,1.9684
4,4,0.5693,0.5730,0,1.9684
4,5,0.5811,0.5730,0,1.9684
4,6,0.5901,0.6470,0,1.6986
4,7,0.5979,0.6470,0,1.6986
4,8,0.5965,0.6470,0,1.6986
4,9,0.6050,0.6470,0,1.6986
4,10,0.5991,0.6470,0,1.6986
4,11,0.6147,0.6575,0,1.6376
4,12,0.6188,0.6575,0,1.6376
4,13,0.6234,0.6575,0,1.6376
4,14,0.6192,0.6575,0,1.6376
4,15,0.6241,0.6575,0,1.6376
4,16,0.6248,0.6700,0,1.5890
4,17,0.6355,0.6700,0,1.5890
4,18,0.6289,0.6700,0,1.5890
4,19,0.6242,0.6700,0,1.5890
4,20,0.6278,0.6700,0,1.5890
4,21,0.6376,0.6750,0,1.5776
4,22,0.6334,0.6750,0,1.5776
4,23,0.6365,0.6750,0,1.5776
4,24,0.6377,0.6750,0,1.5776
4,25,0.6335,0.6750,0,1.5776
4,26,0.6300,0.6775,0,1.5687
4,27,0.6279,0.6775,0,1.5687
4,28,0.6323,0.6775,0,1.5687
4,29,0.6342,0.6775,0,1.5687
4,30,0.6357,0.6775,0,1.5687
4,31,0.6355,0.6760,0,1.5677
4,32,0.6348,0.6760,0,1.5677
4,33,0.6249,0.6760,0,1.5677
4,34,0.6344,0.6760,0,1.5677
4,35,0.6362,0.6760,0,1.5677
